,LGBMClassifier
0,302
1,0
2,0
3,4
4,0
5,132
6,21
7,0
8,1
9,6
10,7
11,0
12,0
13,0
14,0
15,7
16,69
17,15
18,41
19,16
20,0
21,14
22,9
23,0
24,255
25,1
26,4
27,0
28,215
29,0
30,78
31,0
32,6
33,0
34,0
35,0
36,0
37,0
38,0
39,0
40,0
41,0
42,0
43,0
44,0
45,0
46,0
47,0
48,0
49,0
50,0
51,0
52,0
53,0
54,0
55,0
56,0
57,0
58,22
59,9
60,99
61,13
62,56
63,2
64,7
65,0
66,0
67,0
68,0
69,0
70,0
71,0
72,0
73,0
74,0
75,3
76,8
77,0
78,0
79,0
80,0
81,0
82,0
83,1
84,12
85,22
86,0
87,0
88,0
89,0
90,0
91,0
92,0
93,0
94,0
95,0
96,0
97,0
98,10
99,0
100,0
101,0
102,0
103,0
104,1
105,0
106,0
107,13
108,0
109,0
110,0
111,0
112,0
113,0
114,2
115,0
116,0
117,0
118,4
119,1
120,0
121,5
122,6
123,0
124,40
125,0
126,0
127,0
128,0
129,0
130,0
131,14
132,0
133,0
134,16
135,14
136,17
137,0
138,0
139,27
140,0
141,1
142,0
143,0
144,0
145,0
146,0
147,7
148,0
149,0
150,0
151,8
152,3
153,9
154,12
155,30
156,0
157,0
158,8
159,0
160,0
161,0
162,9
163,0
164,0
165,80
166,0
167,0
168,0
169,0
170,11
171,6
172,4
173,0
174,0
175,0
176,0
177,0
178,0
179,6
180,13
181,0
182,0
183,0
184,0
185,0
186,11
187,2
188,0
189,10
190,5
191,0
192,0
193,0
194,0
195,0
196,1
197,0
198,2
199,0
200,0
201,0
202,0
203,0
204,26
205,0
206,0
207,0
208,0
209,0
210,0
211,0
212,14
213,0
214,0
215,0
216,0
217,11
218,0
219,0
220,2
221,0
222,32
223,0
224,0
225,0
226,27
227,0
228,0
229,0
230,0
231,3
232,0
233,0
234,0
235,0
236,0
237,0
238,0
239,0
240,0
241,0
242,0
243,0
244,0
245,0
246,0
247,0
248,0
249,0
250,0
251,0
252,13
253,0
254,0
255,0
256,2
257,15
258,55
259,0
260,3
261,15
262,0
263,0
264,0
265,0
266,0
267,0
268,2
269,0
270,5
271,0
272,0
273,0
274,0
275,3
276,0
277,0
278,0
279,0
280,38
281,0
282,0
283,0
284,16
285,0
286,0
287,0
288,0
289,0
290,0
291,0
292,0
293,0
294,0
295,4
296,0
297,0
298,7
299,0
300,43
301,0
302,5
303,0
304,0
305,19
306,0
307,0
308,8
309,0
310,0
311,6
312,0
313,0
314,5
315,0
316,35
317,0
318,0
319,0
320,0
321,0
322,0
323,0
324,5
325,0
326,3
327,0
328,0
329,0
330,7
331,0
332,0
333,12
334,0
335,0
336,1
337,0
338,0
339,0
340,0
341,0
342,0
343,9
344,3
345,0
346,0
347,3
348,0
349,0
350,0
351,0
352,0
353,23
354,0
355,1
356,0
357,0
358,0
359,9
360,0
361,0
362,0
363,1
364,7
365,56
366,14
367,0
368,0
369,0
370,0
371,0
372,0
373,0
374,0
375,0
376,0
377,0
378,0
379,0
380,7
381,0
382,0
383,0
384,0
385,0
386,0
387,0
388,0
389,13
390,9
391,0
392,0
393,3
394,13
395,1
396,0
397,0
398,0
399,12
400,0
401,0
402,0
403,0
404,0
405,0
406,0
407,0
408,0
409,0
410,0
411,0
412,0
413,0
414,0
415,0
416,0
417,0
418,0
419,0
420,6
421,68
422,0
423,0
424,0
425,0
426,0
427,0
428,50
429,0
430,0
431,0
432,0
433,0
434,0
435,0
436,5
437,0
438,0
439,0
440,0
441,0
442,0
443,0
444,14
445,0
446,0
447,0
448,23
449,0
450,15
451,1
452,0
453,51
454,0
455,0
456,0
457,0
458,0
459,12
460,0
461,7
462,0
463,0
464,0
465,0
466,9
467,0
468,7
469,17
470,0
471,0
472,0
473,0
474,0
475,0
476,0
477,0
478,0
479,0
480,0
481,0
482,0
483,7
484,9
485,4
486,3
487,68
488,0
489,10
490,0
491,13
492,2
493,0
494,0
495,0
496,11
497,0
498,0
499,0
500,0
501,2
502,43
503,0
504,0
505,0
506,0
507,0
508,0
509,9
510,0
511,0
512,0
513,24
514,0
515,11
516,0
517,0
518,0
519,0
520,6
521,0
522,0
523,24
524,5
525,0
526,0
527,0
528,0
529,0
530,240
531,0
532,0
533,0
534,0
535,0
536,0
537,19
538,14
539,0
540,0
541,0
542,8
543,0
544,0
545,2
546,0
547,0
548,0
549,0
550,0
551,0
552,0
553,0
554,0
555,11
556,0
557,0
558,0
559,0
560,0
561,9
562,0
563,0
564,0
565,31
566,0
567,0
568,0
569,0
570,0
571,0
572,0
573,4
574,0
575,13
576,0
577,0
578,0
579,0
580,85
581,0
582,0
583,0
584,0
585,22
586,0
587,4
588,14
589,0
590,18
591,0
592,0
593,0
594,0
595,0
596,1
597,0
598,0
599,0
600,0
601,0
602,0
603,0
604,0
605,10
606,0
607,0
608,7
609,0
610,0
611,0
612,0
613,0
614,0
615,0
616,0
617,0
618,8
619,0
620,0
621,0
622,0
623,5
624,0
625,0
626,0
627,1
628,0
629,0
630,0
631,0
632,0
633,0
634,0
635,0
636,0
637,0
638,0
639,0
640,2
641,0
642,0
643,0
644,12
645,35
646,0
647,0
648,0
649,0
650,0
651,0
652,0
653,1
654,0
655,0
656,0
657,0
658,0
659,32
660,0
661,0
662,0
663,0
664,0
665,0
666,5
667,0
668,0
669,0
670,0
671,0
672,0
673,0
674,0
675,0
676,0
677,5
678,0
679,0
680,3
681,0
682,0
683,0
684,0
685,0
686,0
687,0
688,0
689,15
690,0
691,0
692,0
693,0
694,0
695,0
696,0
697,0
698,0
699,0
700,0
701,0
702,1
703,0
704,0
705,0
706,0
707,0
708,55
709,0
710,0
711,0
712,11
713,0
714,6
715,0
716,0
717,0
718,0
719,4
720,0
721,0
722,6
723,0
724,0
725,0
726,7
727,0
728,2
729,0
730,0
731,11
732,0
733,0
734,1
735,11
736,0
737,0
738,0
739,20
740,46
741,37
742,15
743,0
744,0
745,0
746,0
747,1
748,0
749,0
750,0
751,0
752,0
753,0
754,0
755,1
756,0
757,0
758,0
759,0
760,0
761,0
762,0
763,0
764,0
765,19
766,0
767,0
768,0
769,4
770,0
771,0
772,14
773,0
774,0
775,0
776,10
777,0
778,0
779,14
780,0
781,0
782,0
783,0
784,0
785,0
786,0
787,179
788,14
789,0
790,3
791,19
792,12
793,0
794,0
795,14
796,7
797,3
798,0
799,0
800,0
801,0
802,0
803,0
804,0
805,0
806,4
807,0
808,0
809,4
810,0
811,2
812,0
813,0
814,0
815,0
816,0
817,0
818,0
819,0
820,0
821,0
822,0
823,0
824,0
825,0
826,0
827,0
828,0
829,0
830,0
831,0
832,0
833,0
834,0
835,0
836,0
837,0
838,0
839,0
840,0
841,0
842,0
843,0
844,0
845,0
846,0
847,0
848,0
849,0
850,0
851,7
852,0
853,0
854,0
855,0
856,0
857,0
858,0
859,0
860,0
861,0
862,0
863,0
864,0
865,4
866,0
867,20
868,0
869,0
870,0
871,15
872,0
873,0
874,0
875,0
876,0
877,0
878,7
879,5
880,0
881,0
882,0
883,0
884,0
885,0
886,0
887,0
888,3
889,0
890,0
891,0
892,0
893,0
894,0
895,0
896,0
897,0
898,0
899,0
900,0
901,0
902,0
903,53
904,2
905,0
906,13
907,9
908,5
909,12
910,1
911,22
912,0
913,5
914,0
915,0
916,0
917,0
918,0
919,8
920,0
921,0
922,0
923,0
924,23
925,0
926,0
927,0
928,19
929,0
930,0
931,0
932,0
933,0
934,5
935,0
936,0
937,0
938,1
939,0
940,40
941,0
942,0
943,0
944,0
945,13
946,15
947,0
948,0
949,0
950,0
951,0
952,0
953,0
954,0
955,0
956,0
957,0
958,260
959,0
960,0
961,0
962,0
963,4
964,0
965,0
966,0
967,0
968,0
969,0
970,0
971,0
972,0
973,0
974,0
975,0
976,0
977,0
978,3
979,0
980,1
981,0
982,0
983,3
984,0
985,9
986,0
987,0
988,0
989,0
990,18
991,0
992,0
993,0
994,0
995,0
996,0
997,15
998,0
999,60
1000,0
1001,1
1002,0
1003,0
1004,0
1005,6
1006,0
1007,1
1008,16
1009,0
1010,0
1011,0
1012,0
1013,0
1014,0
1015,0
1016,0
1017,0
1018,0
1019,13
1020,0
1021,0
1022,0
1023,0
1024,0
1025,0
1026,3
1027,0
1028,0
1029,2
1030,0
1031,0
1032,0
1033,0
1034,0
1035,112
1036,0
1037,0
1038,0
1039,0
1040,0
1041,0
1042,0
1043,2
1044,0
1045,6
1046,3
1047,0
1048,14
1049,0
1050,17
1051,0
1052,0
1053,0
1054,6
1055,2
1056,0
1057,0
1058,12
1059,0
1060,0
1061,0
1062,0
1063,0
1064,0
1065,1
1066,0
1067,0
1068,0
1069,0
1070,0
1071,0
1072,0
1073,47
1074,0
1075,5
1076,14
1077,0
1078,0
1079,9
1080,0
1081,0
1082,6
1083,0
1084,0
1085,3
1086,6
1087,13
1088,0
1089,0
1090,33
1091,0
1092,0
1093,0
1094,0
1095,11
1096,2
1097,0
1098,0
1099,3
1100,55
1101,86
1102,6
1103,0
1104,8
1105,0
1106,0
1107,0
1108,0
1109,0
1110,0
1111,9
1112,0
1113,0
1114,14
1115,49
1116,0
1117,0
1118,0
1119,0
1120,0
1121,0
1122,0
1123,0
1124,0
1125,0
1126,21
1127,0
1128,0
1129,20
1130,3
1131,0
1132,0
1133,0
1134,0
1135,0
1136,7
1137,4
1138,0
1139,0
1140,0
1141,5
1142,0
1143,0
1144,0
1145,0
1146,0
1147,1
1148,0
1149,0
1150,0
1151,9
1152,0
1153,0
1154,0
1155,0
1156,0
1157,0
1158,0
1159,0
1160,0
1161,0
1162,0
1163,1
1164,0
1165,0
1166,0
1167,0
1168,0
1169,0
1170,0
1171,10
1172,0
1173,0
1174,0
1175,1
1176,0
1177,4
1178,0
1179,0
1180,6
1181,33
1182,0
1183,0
1184,0
1185,0
1186,0
1187,8
1188,0
1189,0
1190,0
1191,0
1192,0
1193,0
1194,0
1195,0
1196,0
1197,0
1198,0
1199,0
1200,0
1201,0
1202,0
1203,0
1204,0
1205,6
1206,6
1207,0
1208,0
1209,0
1210,4
1211,0
1212,0
1213,0
1214,1
1215,33
1216,0
1217,0
1218,14
1219,9
1220,2
1221,0
1222,0
1223,0
1224,55
1225,14
1226,0
1227,0
1228,0
1229,1
1230,0
1231,15
1232,0
1233,0
1234,0
1235,11
1236,0
1237,0
1238,0
1239,0
1240,0
1241,0
1242,0
1243,4
1244,7
1245,0
1246,0
1247,0
1248,0
1249,7
1250,0
1251,0
1252,0
1253,0
1254,3
1255,5
1256,0
1257,8
1258,0
1259,17
1260,0
1261,0
1262,0
1263,10
1264,0
1265,0
1266,30
1267,0
1268,0
1269,22
1270,0
1271,0
1272,19
1273,3
1274,5
1275,0
1276,0
1277,0
1278,13
1279,17
1280,2
1281,19
1282,0
1283,19
1284,0
1285,0
1286,0
1287,0
1288,0
1289,0
1290,21
1291,0
1292,0
1293,0
1294,0
1295,43
1296,0
1297,11
1298,14
1299,0
1300,7
1301,0
1302,17
1303,0
1304,9
1305,0
1306,20
1307,0
1308,1
1309,0
1310,0
1311,24
1312,0
1313,0
1314,15
1315,0
1316,0
1317,0
1318,0
1319,0
1320,0
1321,0
1322,15
1323,25
1324,0
1325,7
1326,0
1327,0
1328,14
1329,29
1330,0
1331,8
1332,35
1333,0
1334,0
1335,0
1336,0
1337,18
1338,0
1339,0
1340,0
1341,0
1342,0
1343,0
1344,34
1345,1
1346,7
1347,0
1348,0
1349,0
1350,16
1351,0
1352,0
1353,0
1354,0
1355,0
1356,3
1357,0
1358,137
1359,0
1360,0
1361,5
1362,0
1363,0
1364,0
1365,0
1366,5
1367,1
1368,6
1369,0
1370,0
1371,0
1372,0
1373,0
1374,0
1375,10
1376,1
1377,11
1378,7
1379,0
1380,19
1381,4
1382,0
1383,7
1384,2
1385,0
1386,0
1387,48
1388,25
1389,4
1390,0
1391,0
1392,0
1393,0
1394,0
1395,0
1396,0
1397,0
1398,0
1399,4
1400,3
1401,0
1402,27
1403,4
1404,0
1405,0
1406,0
1407,0
1408,71
1409,0
1410,0
1411,0
1412,0
1413,0
1414,0
1415,7
1416,0
1417,0
1418,0
1419,0
1420,0
1421,0
1422,0
1423,28
1424,0
1425,0
1426,0
1427,54
1428,17
1429,0
1430,0
1431,0
1432,0
1433,41
1434,0
1435,18
1436,7
1437,0
1438,16
1439,0
1440,22
1441,0
1442,0
1443,0
1444,0
1445,0
1446,0
1447,37
1448,5
1449,0
1450,1
1451,0
1452,0
1453,0
1454,0
1455,38
1456,0
1457,0
1458,43
1459,0
1460,6
1461,2
1462,0
1463,0
1464,0
1465,0
1466,0
1467,0
1468,0
1469,22
1470,0
1471,0
1472,19
1473,0
1474,0
1475,4
1476,1
1477,0
1478,0
1479,12
1480,7
1481,0
1482,0
1483,0
1484,0
1485,0
1486,0
1487,0
1488,13
1489,0
1490,0
1491,0
1492,0
1493,4
1494,0
1495,0
1496,0
1497,10
1498,0
1499,0
1500,6
1501,0
1502,26
1503,0
1504,0
1505,8
1506,14
1507,0
1508,0
1509,0
1510,9
1511,43
1512,0
1513,0
1514,0
1515,0
1516,0
1517,0
1518,0
1519,0
1520,0
1521,0
1522,2
1523,3
1524,0
1525,0
1526,0
1527,0
1528,0
1529,0
1530,191
1531,0
1532,29
1533,0
1534,0
1535,0
1536,0
1537,17
1538,0
1539,0
1540,0
1541,0
1542,31
1543,0
1544,0
1545,0
1546,0
1547,0
1548,55
1549,0
1550,0
1551,0
1552,6
1553,0
1554,0
1555,0
1556,0
1557,1
1558,0
1559,0
1560,22
1561,0
1562,0
1563,0
1564,0
1565,0
1566,0
1567,0
1568,0
1569,0
1570,0
1571,0
1572,0
1573,0
1574,0
1575,0
1576,1
1577,0
1578,0
1579,0
1580,0
1581,0
1582,0
1583,0
1584,0
1585,0
1586,9
1587,20
1588,0
1589,0
1590,0
1591,0
1592,0
1593,9
1594,0
1595,0
1596,0
1597,0
1598,0
1599,0
1600,3
1601,0
1602,0
1603,0
1604,0
1605,0
1606,47
1607,0
1608,0
1609,0
1610,0
1611,68
1612,0
1613,0
1614,0
1615,0
1616,0
1617,0
1618,0
1619,0
1620,0
1621,0
1622,2
1623,0
1624,0
1625,0
1626,0
1627,0
1628,0
1629,0
1630,0
1631,1
1632,30
1633,0
1634,0
1635,0
1636,0
1637,0
1638,0
1639,0
1640,13
1641,36
1642,0
1643,0
1644,78
1645,0
1646,16
1647,0
1648,20
1649,10
1650,4
1651,8
1652,0
1653,8
1654,14
1655,0
1656,0
1657,0
1658,0
1659,0
1660,0
1661,0
1662,0
1663,0
1664,0
1665,27
1666,0
1667,0
1668,0
1669,0
1670,0
1671,0
1672,0
1673,2
1674,0
1675,0
1676,120
1677,0
1678,0
1679,0
1680,0
1681,25
1682,0
1683,2
1684,8
1685,0
1686,0
1687,0
1688,27
1689,0
1690,0
1691,53
1692,0
1693,2
1694,0
1695,0
1696,0
1697,0
1698,0
1699,24
1700,0
1701,0
1702,35
1703,0
1704,7
1705,0
1706,0
1707,0
1708,24
1709,0
1710,0
1711,0
1712,231
1713,0
1714,0
1715,0
1716,0
1717,0
1718,20
1719,0
1720,0
1721,18
1722,3
1723,0
1724,0
1725,0
1726,0
1727,0
1728,1
1729,0
1730,0
1731,0
1732,2
1733,0
1734,0
1735,0
1736,0
1737,0
1738,0
1739,0
1740,0
1741,0
1742,0
1743,0
1744,6
1745,0
1746,9
1747,0
1748,6
1749,5
1750,0
1751,0
1752,0
1753,5
1754,0
1755,0
1756,2
1757,17
1758,0
1759,0
1760,0
1761,0
1762,0
1763,0
1764,0
1765,0
1766,0
1767,4
1768,0
1769,3
1770,0
1771,0
1772,0
1773,19
1774,0
1775,4
1776,0
1777,0
1778,0
1779,0
1780,0
1781,0
1782,6
1783,0
1784,10
1785,0
1786,0
1787,0
1788,0
1789,0
1790,0
1791,0
1792,0
1793,0
1794,0
1795,4
1796,0
1797,0
1798,0
1799,19
1800,0
1801,0
1802,26
1803,16
1804,0
1805,8
1806,0
1807,2
1808,1
1809,0
1810,0
1811,20
1812,0
1813,0
1814,0
1815,0
1816,0
1817,0
1818,0
1819,0
1820,1
1821,7
1822,0
1823,0
1824,0
1825,0
1826,13
1827,20
1828,0
1829,0
1830,8
1831,23
1832,0
1833,0
1834,0
1835,0
1836,0
1837,16
1838,0
1839,4
1840,0
1841,25
1842,0
1843,0
1844,0
1845,0
1846,2
1847,0
1848,0
1849,0
1850,0
1851,0
1852,0
1853,0
1854,0
1855,8
1856,19
1857,0
1858,14
1859,0
1860,0
1861,0
1862,0
1863,0
1864,0
1865,0
1866,4
1867,0
1868,0
1869,0
1870,0
1871,21
1872,18
1873,0
1874,0
1875,0
1876,0
1877,120
1878,0
1879,16
1880,0
1881,0
1882,0
1883,0
1884,0
1885,0
1886,0
1887,0
1888,0
1889,11
1890,0
1891,0
1892,0
1893,0
1894,1
1895,0
1896,0
1897,0
1898,0
1899,0
1900,10
1901,0
1902,0
1903,0
1904,0
1905,0
1906,8
1907,0
1908,0
1909,5
1910,0
1911,0
1912,0
1913,0
1914,0
1915,0
1916,0
1917,1
1918,0
1919,8
1920,2
1921,8
1922,3
1923,0
1924,0
1925,2
1926,0
1927,0
1928,0
1929,6
1930,0
1931,0
1932,0
1933,0
1934,0
1935,0
1936,0
1937,0
1938,0
1939,0
1940,0
1941,0
1942,0
1943,0
1944,0
1945,0
1946,0
1947,77
1948,0
1949,0
1950,0
1951,0
1952,5
1953,0
1954,0
1955,0
1956,0
1957,0
1958,0
1959,0
1960,1
1961,0
1962,6
1963,0
1964,1
1965,0
1966,21
1967,0
1968,0
1969,18
1970,0
1971,0
1972,0
1973,4
1974,0
1975,26
1976,0
1977,21
1978,0
1979,14
1980,12
1981,0
1982,27
1983,0
1984,2
1985,17
1986,0
1987,0
1988,4
1989,0
1990,175
1991,0
1992,3
1993,0
1994,0
1995,0
1996,77
1997,0
1998,0
1999,17
2000,0
2001,0
2002,0
2003,9
2004,0
2005,0
2006,0
2007,14
2008,9
2009,0
2010,0
2011,0
2012,0
2013,0
2014,0
2015,0
2016,0
2017,26
2018,0
2019,0
2020,0
2021,0
2022,0
2023,20
2024,0
2025,0
2026,7
2027,16
2028,0
2029,33
2030,0
2031,0
2032,0
2033,0
2034,2
2035,0
2036,1
2037,0
2038,0
2039,0
2040,0
2041,0
2042,0
2043,0
2044,40
2045,0
2046,0
2047,0
2048,3
2049,0
2050,0
2051,0
2052,0
2053,0
2054,0
2055,0
2056,9
2057,0
2058,0
2059,0
2060,0
2061,0
2062,2
2063,0
2064,16
2065,0
2066,7
2067,2
2068,0
2069,30
2070,0
2071,0
2072,0
2073,0
2074,0
2075,0
2076,0
2077,0
2078,0
2079,0
2080,16
2081,0
2082,0
2083,6
2084,0
2085,0
2086,0
2087,0
2088,24
2089,0
2090,0
2091,0
2092,0
2093,0
2094,0
2095,0
2096,0
2097,0
2098,34
2099,35
2100,0
2101,0
2102,0
2103,144
2104,0
2105,4
2106,32
2107,0
2108,13
2109,0
2110,0
2111,0
2112,0
2113,11
2114,0
2115,7
2116,0
2117,0
2118,57
2119,0
2120,0
2121,1
2122,0
2123,0
2124,0
2125,0
2126,0
2127,0
2128,0
2129,0
2130,0
2131,0
2132,1
2133,0
2134,0
2135,0
2136,0
2137,27
2138,0
2139,0
2140,0
2141,0
2142,0
2143,5
2144,0
2145,43
2146,3
2147,11
2148,0
2149,0
2150,0
2151,0
2152,2
2153,0
2154,2
2155,8
2156,2
2157,0
2158,5
2159,0
2160,1
2161,0
2162,0
2163,0
2164,0
2165,0
2166,0
2167,0
2168,1
2169,29
2170,0
2171,28
2172,0
2173,0
2174,0
2175,0
2176,4
2177,2
2178,0
2179,0
2180,1
2181,0
2182,5
2183,0
2184,0
2185,0
2186,0
2187,0
2188,0
2189,0
2190,0
2191,11
2192,10
2193,0
2194,0
2195,19
2196,0
2197,0
2198,0
2199,7
2200,12
2201,0
2202,0
2203,0
2204,0
2205,0
2206,9
2207,0
2208,0
2209,0
2210,0
2211,0
2212,0
2213,11
2214,0
2215,0
2216,0
2217,0
2218,0
2219,0
2220,0
2221,0
2222,0
2223,0
2224,0
2225,0
2226,0
2227,0
2228,0
2229,0
2230,0
2231,4
2232,15
2233,0
2234,0
2235,0
2236,0
2237,0
2238,0
2239,0
2240,0
2241,0
2242,0
2243,0
2244,0
2245,20
2246,0
2247,0
2248,0
2249,3
2250,0
2251,0
2252,0
2253,0
2254,0
2255,0
2256,0
2257,5
2258,0
2259,0
2260,3
2261,0
2262,0
2263,0
2264,0
2265,0
2266,0
2267,37
2268,0
2269,1
2270,0
2271,0
2272,0
2273,0
2274,0
2275,0
2276,0
2277,0
2278,0
2279,0
2280,0
2281,4
2282,0
2283,0
2284,0
2285,0
2286,0
2287,0
2288,12
2289,0
2290,0
2291,6
2292,0
2293,0
2294,18
2295,0
2296,0
2297,0
2298,16
2299,0
2300,7
2301,0
2302,0
2303,0
2304,0
2305,0
2306,0
2307,0
2308,0
2309,0
2310,6
2311,0
2312,0
2313,0
2314,0
2315,0
2316,0
2317,7
2318,5
2319,0
2320,0
2321,4
2322,0
2323,0
2324,0
2325,0
2326,19
2327,0
2328,0
2329,0
2330,0
2331,0
2332,0
2333,0
2334,8
2335,0
2336,0
2337,0
2338,0
2339,0
2340,0
2341,9
2342,0
2343,0
2344,0
2345,0
2346,0
2347,0
2348,0
2349,0
2350,0
2351,0
2352,0
2353,0
2354,0
2355,0
2356,0
2357,9
2358,18
2359,0
2360,0
2361,0
2362,0
2363,0
2364,0
2365,0
2366,3
2367,0
2368,7
2369,0
2370,0
2371,0
2372,0
2373,0
2374,0
2375,0
2376,0
2377,0
2378,0
2379,0
2380,0
2381,0
2382,0
2383,0
2384,0
2385,0
2386,0
2387,0
2388,0
2389,0
2390,0
2391,0
2392,0
2393,0
2394,0
2395,2
2396,0
2397,0
2398,0
2399,0
2400,9
2401,0
2402,10
2403,1
2404,36
2405,0
2406,0
2407,0
2408,0
2409,0
2410,0
2411,0
2412,2
2413,0
2414,14
2415,0
2416,0
2417,0
2418,0
2419,0
2420,0
2421,0
2422,0
2423,0
2424,0
2425,0
2426,0
2427,0
2428,0
2429,0
2430,0
2431,0
2432,0
2433,0
2434,13
2435,0
2436,0
2437,0
2438,0
2439,0
2440,2
2441,0
2442,0
2443,0
2444,0
2445,0
2446,0
2447,0
2448,7
2449,9
2450,22
2451,0
2452,0
2453,0
2454,0
2455,22
2456,16
2457,0
2458,0
2459,0
2460,0
2461,0
2462,0
2463,0
2464,0
2465,0
2466,0
2467,0
2468,5
2469,6
2470,0
2471,0
2472,41
2473,0
2474,0
2475,0
2476,0
2477,0
2478,0
2479,0
2480,0
2481,0
2482,0
2483,16
2484,0
2485,0
2486,1
2487,0
2488,0
2489,0
2490,0
2491,0
2492,0
2493,0
2494,0
2495,0
2496,0
2497,0
2498,0
2499,0
2500,0
2501,0
2502,0
2503,1
2504,0
2505,0
2506,0
2507,1
2508,0
2509,0
2510,0
2511,0
2512,0
2513,0
2514,0
2515,0
2516,24
2517,0
2518,0
2519,3
2520,12
2521,0
2522,0
2523,0
2524,0
2525,0
2526,0
2527,1
2528,0
2529,0
2530,0
2531,0
2532,0
2533,0
2534,0
2535,0
2536,0
2537,5
2538,0
2539,4
2540,10
2541,0
2542,0
2543,4
2544,0
2545,0
2546,0
2547,16
2548,11
2549,0
2550,0
2551,0
2552,0
2553,31
2554,0
2555,0
2556,0
2557,0
2558,0
2559,0
2560,0
2561,24
2562,0
2563,0
2564,0
2565,0
2566,0
2567,11
2568,0
2569,0
2570,0
2571,0
2572,4
2573,0
2574,0
2575,0
2576,1
2577,0
2578,0
2579,12
2580,4
2581,0
2582,4
2583,0
2584,21
2585,0
2586,0
2587,0
2588,5
2589,0
2590,0
2591,1
2592,0
2593,0
2594,0
2595,0
2596,0
2597,1
2598,20
2599,10
2600,0
2601,0
2602,0
2603,0
2604,0
2605,1
2606,0
2607,0
2608,0
2609,0
2610,0
2611,0
2612,0
2613,0
2614,0
2615,0
2616,73
2617,0
2618,4
2619,0
2620,37
2621,0
2622,0
2623,0
2624,0
2625,0
2626,0
2627,0
2628,0
2629,24
2630,0
2631,0
2632,0
2633,7
2634,5
2635,0
2636,3
2637,19
2638,0
2639,0
2640,3
2641,0
2642,0
2643,31
2644,15
2645,0
2646,0
2647,6
2648,9
2649,0
2650,0
2651,3
2652,0
2653,0
2654,10
2655,0
2656,0
2657,11
2658,42
2659,0
2660,0
2661,3
2662,0
2663,0
2664,0
2665,0
2666,0
2667,0
2668,0
2669,0
2670,0
2671,0
2672,0
2673,0
2674,0
2675,0
2676,0
2677,0
2678,0
2679,0
2680,0
2681,9
2682,0
2683,0
2684,0
2685,0
2686,0
2687,0
2688,0
2689,0
2690,0
2691,0
2692,0
2693,0
2694,0
2695,0
2696,1
2697,0
2698,0
2699,0
2700,0
2701,0
2702,6
2703,19
2704,0
2705,0
2706,0
2707,0
2708,0
2709,0
2710,0
2711,0
2712,3
2713,0
2714,0
2715,0
2716,30
2717,0
2718,0
2719,0
2720,2
2721,0
2722,0
2723,0
2724,0
2725,0
2726,0
2727,26
2728,0
2729,3
2730,0
2731,0
2732,0
2733,44
2734,1
2735,5
2736,0
2737,51
2738,0
2739,0
2740,0
2741,0
2742,1
2743,6
2744,0
2745,27
2746,0
2747,12
2748,0
2749,2
2750,0
2751,0
2752,9
2753,0
2754,0
2755,0
2756,35
2757,5
2758,0
2759,14
2760,0
2761,0
2762,1
2763,0
2764,5
2765,0
2766,0
2767,0
2768,0
2769,0
2770,0
2771,0
2772,0
2773,0
2774,0
2775,0
2776,0
2777,0
2778,0
2779,0
2780,0
2781,0
2782,0
2783,0
2784,0
2785,0
2786,0
2787,0
2788,0
2789,0
2790,0
2791,0
2792,0
2793,0
2794,176
2795,0
2796,0
2797,0
2798,57
2799,0
2800,0
2801,1
2802,0
2803,0
2804,0
2805,0
2806,0
2807,3
2808,0
2809,11
2810,0
2811,0
2812,0
2813,0
2814,10
2815,0
2816,0
2817,23
2818,0
2819,0
2820,1
2821,0
2822,0
2823,0
2824,0
2825,0
2826,0
2827,0
2828,12
2829,13
2830,0
2831,0
2832,0
2833,0
2834,2
2835,0
2836,0
2837,0
2838,0
2839,0
2840,0
2841,0
2842,0
2843,0
2844,4
2845,4
2846,0
2847,0
2848,4
2849,11
2850,0
2851,0
2852,0
2853,0
2854,0
2855,0
2856,0
2857,0
2858,1
2859,28
2860,0
2861,0
2862,0
2863,0
2864,0
2865,0
2866,0
2867,0
2868,0
2869,0
2870,0
2871,0
2872,0
2873,0
2874,0
2875,0
2876,5
2877,41
2878,0
2879,0
2880,16
2881,0
2882,1
2883,0
2884,0
2885,0
2886,0
2887,0
2888,0
2889,10
2890,0
2891,47
2892,0
2893,0
2894,0
2895,0
2896,0
2897,0
2898,0
2899,0
2900,0
2901,3
2902,0
2903,11
2904,0
2905,0
2906,0
2907,0
2908,8
2909,0
2910,0
2911,0
2912,9
2913,8
2914,0
2915,0
2916,0
2917,0
2918,0
2919,0
2920,0
2921,0
2922,0
2923,0
2924,0
2925,0
2926,0
2927,0
2928,4
2929,2
2930,0
2931,0
2932,0
2933,0
2934,0
2935,1
2936,11
2937,0
2938,0
2939,0
2940,0
2941,0
2942,18
2943,0
2944,0
2945,0
2946,1
2947,0
2948,0
2949,0
2950,0
2951,0
2952,0
2953,0
2954,0
2955,20
2956,0
2957,70
2958,0
2959,101
2960,4
2961,0
2962,1
2963,3
2964,0
2965,23
2966,0
2967,11
2968,0
2969,8
2970,14
2971,33
2972,0
2973,0
2974,0
2975,16
2976,29
2977,0
2978,0
2979,0
2980,0
2981,0
2982,0
2983,0
2984,0
2985,2
2986,4
2987,7
2988,8
2989,0
2990,1
2991,0
2992,0
2993,0
2994,0
2995,5
2996,4
2997,0
2998,0
2999,0
3000,0
3001,0
3002,0
3003,0
3004,0
3005,0
3006,0
3007,0
3008,19
3009,19
3010,0
3011,0
3012,0
3013,0
3014,0
3015,1
3016,89
3017,0
3018,0
3019,0
3020,1
3021,6
3022,40
3023,0
3024,2
3025,0
3026,0
3027,5
3028,0
3029,0
3030,0
3031,0
3032,22
3033,0
3034,0
3035,1
3036,0
3037,0
3038,14
3039,0
3040,1
3041,0
3042,0
3043,0
3044,13
3045,0
3046,0
3047,9
3048,0
3049,0
3050,0
3051,0
3052,0
3053,0
3054,0
3055,0
3056,0
3057,0
3058,0
3059,0
3060,0
3061,9
3062,0
3063,0
3064,0
3065,0
3066,0
3067,0
3068,0
3069,0
3070,0
3071,0
3072,0
3073,0
3074,7
3075,0
3076,5
3077,0
3078,0
3079,0
3080,9
3081,0
3082,0
3083,17
3084,0
3085,0
3086,0
3087,0
3088,0
3089,0
3090,0
3091,1
3092,10
3093,0
3094,0
3095,3
3096,33
3097,0
3098,0
3099,0
3100,7
3101,0
3102,0
3103,0
3104,0
3105,11
3106,0
3107,0
3108,4
3109,0
3110,103
3111,3
3112,0
3113,0
3114,0
3115,0
3116,18
3117,5
3118,0
3119,0
3120,0
3121,0
3122,0
3123,0
3124,0
3125,0
3126,0
3127,30
3128,0
3129,0
3130,0
3131,9
3132,0
3133,0
3134,0
3135,0
3136,0
3137,0
3138,0
3139,0
3140,1
3141,0
3142,8
3143,19
3144,0
3145,0
3146,0
3147,0
3148,0
3149,0
3150,0
3151,36
3152,0
3153,0
3154,0
3155,0
3156,0
3157,9
3158,0
3159,0
3160,0
3161,0
3162,0
3163,0
3164,0
3165,0
3166,0
3167,0
3168,23
3169,0
3170,0
3171,0
3172,2
3173,0
3174,0
3175,0
3176,0
3177,0
3178,0
3179,0
3180,6
3181,0
3182,7
3183,0
3184,0
3185,0
3186,13
3187,0
3188,0
3189,0
3190,0
3191,0
3192,0
3193,15
3194,0
3195,11
3196,6
3197,20
3198,26
3199,0
3200,3
3201,0
3202,14
3203,5
3204,0
3205,0
3206,7
3207,0
3208,0
3209,0
3210,15
3211,0
3212,0
3213,0
3214,0
3215,4
3216,12
3217,0
3218,0
3219,0
3220,11
3221,9
3222,171
3223,0
3224,19
3225,0
3226,0
3227,0
3228,0
3229,0
3230,0
3231,0
3232,0
3233,0
3234,1
3235,2
3236,0
3237,0
3238,0
3239,0
3240,0
3241,107
3242,0
3243,0
3244,0
3245,68
3246,6
3247,10
3248,0
3249,0
3250,0
3251,4
3252,0
3253,0
3254,0
3255,5
3256,63
3257,0
3258,0
3259,2
3260,0
3261,0
3262,0
3263,6
3264,0
3265,13
3266,0
3267,0
3268,0
3269,18
3270,0
3271,0
3272,4
3273,0
3274,18
3275,0
3276,18
3277,14
3278,0
3279,0
3280,20
3281,0
3282,0
3283,0
3284,27
3285,0
3286,0
3287,5
3288,0
3289,0
3290,3
3291,0
3292,0
3293,1
3294,0
3295,0
3296,0
3297,10
3298,0
3299,0
3300,21
3301,0
3302,0
3303,6
3304,0
3305,0
3306,1
3307,0
3308,15
3309,0
3310,0
3311,0
3312,0
3313,0
3314,0
3315,3
3316,5
3317,0
3318,13
3319,0
3320,0
3321,0
3322,1
3323,0
3324,3
3325,32
3326,0
3327,0
3328,0
3329,0
3330,1
3331,3
3332,0
3333,0
3334,27
3335,0
3336,0
3337,0
3338,0
3339,0
3340,0
3341,0
3342,0
3343,19
3344,0
3345,0
3346,0
3347,0
3348,59
3349,0
3350,93
3351,10
3352,0
3353,0
3354,0
3355,0
3356,4
3357,0
3358,0
3359,0
3360,2
3361,42
3362,0
3363,189
3364,0
3365,15
3366,0
3367,5
3368,0
3369,0
3370,0
3371,0
3372,0
3373,0
3374,0
3375,0
3376,0
3377,0
3378,0
3379,0
3380,0
